Workbook
Name Battery: Calculations!$C$3
Name Devices: DevicePower[Device]
Name DeviceType: Main!$B$1

Sheet Main
A1: Device: | B1: DWS+ATH | E1: =VLOOKUP(DeviceType,DevicePower[],12,0) -> Estimated
A2: Enter data in tan areas
E3: Battery life
A4: Sensor Configuration | B4: Value | C4: Units | E4: Units | F4: Duration
A5: Supervisory period | B5: 24 | C5: Hours | E5: Days | F5: =Calculations!D3 -> 2083.8123
A6: Link Quality period | B6: 24 | C6: Hours | E6: Months | F6: =Calculations!E3 -> 69.46041
A7: Sensor periodic reporting | B7: 60 | C7: Min | E7: Years | F7: =Calculations!F3 -> 5.7090748
A8: Sensor sampling rate | B8: 30 | C8: Sec
A9: Data Rate | B9: DR1 | C9: ----
B14: 00000001 | C14: 00000001

Sheet Calculations
D2: Days | E2: Months | F2: Years | K2: TXP = Max | L2: 118.6mA
B3: Battery capacity (mAh) | C3: 1200 | D3: =Battery/SUM(M6:M16) -> 2083.8123 | E3: =D3/30 -> 69.46041 | F3: =D3/365 -> 5.7090748 | K3: TXP = 10 | L3: 41mA
B5: Condition | C5: mA | D5: mAh | E5: Duration | F5: Unit | G5: Hours | H5: Period | I5: Unit | J5: Hours | K5: Daily Freq | L5: Hours / day | M5: Daily mAh | N5: Lifetime mAh
B6: Super period | C6: =VLOOKUP(DeviceType,DevicePower[],2,0) -> 118.614 | D6: =C6*G6 -> 0.0067873567 | E6: =VLOOKUP(Main!$B$9,TOA[],2,0) -> 206 | F6: mS | G6: =E6*VLOOKUP(F6,Units[],2,0) -> 5.7222222e-05 | H6: =Main!$B$5 -> 24 | I6: =Main!$C$5 -> Hours | J6: =H6*VLOOKUP(I6,Units[],2,0) -> 24 | K6: =24/J6 -> 1 | L6: =K6*G6 -> 5.7222222e-05 | M6: =L6*C6 -> 0.0067873567 | N6: =M6*D$3 -> 14.143577
B7: LQ period | C7: =VLOOKUP(DeviceType,DevicePower[],3,0) -> 118.614 | D7: =C7*G7 -> 0.0067873567 | E7: =VLOOKUP(Main!$B$9,TOA[],2,0) -> 206 | F7: mS | G7: =E7*VLOOKUP(F7,Units[],2,0) -> 5.7222222e-05 | H7: =Main!$B$6 -> 24 | I7: =Main!$C$6 -> Hours | J7: =H7*VLOOKUP(I7,Units[],2,0) -> 24 | K7: =24/J7 -> 1 | L7: =K7*G7 -> 5.7222222e-05 | M7: =L7*C7 -> 0.0067873567 | N7: =M7*D$3 -> 14.143577
B8: Sensor uplink period | C8: =VLOOKUP(DeviceType,DevicePower[],4,0) -> 118.614 | D8: =C8*G8 -> 0.0067873567 | E8: =VLOOKUP(Main!$B$9,TOA[],2,0) -> 206 | F8: mS | G8: =E8*VLOOKUP(F8,Units[],2,0) -> 5.7222222e-05 | H8: =Main!$B$7 -> 60 | I8: =Main!$C$7 -> Min | J8: =H8*VLOOKUP(I8,Units[],2,0) -> 1 | K8: =IF(J8=0,0,24/J8) -> 24 | L8: =K8*G8 -> 0.0013733333 | M8: =L8*C8 -> 0.16289656 | N8: =M8*D$3 -> 339.44585
B9: Reading sensor(s) | C9: =VLOOKUP(DeviceType,DevicePower[],5,0) -> 1.06 | D9: =C9*G9 -> 3.6628889e-06 | E9: 12.44 | F9: mS | G9: =E9*VLOOKUP(F9,Units[],2,0) -> 3.4555556e-06 | H9: =Main!$B$8 -> 30 | I9: =Main!$C$8 -> Sec | J9: =H9*VLOOKUP(I9,Units[],2,0) -> 0.0083333333 | K9: =24/J9 -> 2880 | L9: =K9*G9 -> 0.009952 | M9: =L9*C9 -> 0.01054912 | N9: =M9*D$3 -> 21.982386
B10: RX | C10: =VLOOKUP(DeviceType,DevicePower[],6,0) -> 17.556 | D10: =C10*G10 -> 0.0014727533 | E10: 302 | F10: mS | G10: =E10*VLOOKUP(F10,Units[],2,0) -> 8.3888889e-05 | K10: =SUM(K6:K8)*2 -> 52 | L10: =K10*G10 -> 0.0043622222 | M10: =L10*C10 -> 0.076583173 | N10: =M10*D$3 -> 159.58496
B11: Wake | C11: =VLOOKUP(DeviceType,DevicePower[],7,0) -> 9.726 | D11: =C11*G11 -> 0.00055654333 | E11: 206 | F11: mS | G11: =E11*VLOOKUP(F11,Units[],2,0) -> 5.7222222e-05 | K11: =SUM(K6:K8) -> 26 | L11: =K11*G11 -> 0.0014877778 | M11: =L11*C11 -> 0.014470127 | N11: =M11*D$3 -> 30.153028
B12: Shutdown | C12: =VLOOKUP(DeviceType,DevicePower[],8,0) -> 9.294 | D12: =C12*G12 -> 0.0005692575 | E12: 220.5 | F12: mS | G12: =E12*VLOOKUP(F12,Units[],2,0) -> 6.125e-05 | K12: =SUM(K6:K8) -> 26 | L12: =K12*G12 -> 0.0015925 | M12: =L12*C12 -> 0.014800695 | N12: =M12*D$3 -> 30.84187
B13: Watchdog | C13: =VLOOKUP(DeviceType,DevicePower[],9,0) -> 2.589 | D13: =C13*G13 -> 4.9489454e-08 | E13: 0.068815 | F13: mS | G13: =E13*VLOOKUP(F13,Units[],2,0) -> 1.9115278e-08 | H13: 250 | I13: mS | J13: =H13*VLOOKUP(I13,Units[],2,0) -> 6.9444444e-05 | K13: =24/J13 -> 345600 | L13: =K13*G13 -> 0.00660624 | M13: =L13*C13 -> 0.017103555 | N13: =M13*D$3 -> 35.640599
B14: Active | C14: =VLOOKUP(DeviceType,DevicePower[],10,0) -> 6.4 | E14: =987+685 -> 1672 | F14: mS | G14: =E14*VLOOKUP(F14,Units[],2,0) -> 0.00046444444 | K14: =SUM(K6:K8) -> 26 | L14: =K14*G14 -> 0.012075556 | M14: =L14*C14 -> 0.077283556 | N14: =M14*D$3 -> 161.04442
B15: Sleep | C15: =VLOOKUP(DeviceType,DevicePower[],11,0) -> 0.006493 | L15: =24-SUM(L6:L10) -> 23.984198 | M15: =L15*C15 -> 0.1557294 | N15: =M15*D$3 -> 324.51083
B16: Battery self-discharge | D16: =Battery*0.05 -> 60 | M16: =D16/(5*365) -> 0.032876712 | N16: =M16*D$3 -> 68.508897

Sheet tables
I1: mA | J1: mA | K1: mA | L1: mA | M1: mA | N1: mA | O1: mA | P1: mA | Q1: mA | R1: mA
A2: Intervals | B2: Multiplier | D2: DR | E2: TOA | F2: Interval | H2: Device | I2: Super period | J2: LQ period | K2: Sensor uplink period | L2: Reading sensor(s) | M2: RX | N2: Wake | O2: Shutdown | P2: Watchdog | Q2: Active | R2: Sleep | S2: Done
A3: H | B3: 1 | D3: DR0 | E3: 371 | F3: mS | H3: ABM | I3: 118.614 | J3: 118.614 | K3: 118.614 | L3: 0.884 | M3: 17.556 | N3: 9.726 | O3: 9.294 | P3: 2.589 | Q3: 6.4 | R3: 0.006493 | S3: Estimated
A4: Hours | B4: 1 | D4: DR1 | E4: 206 | F4: mS | H4: ATH | I4: 118.614 | J4: 118.614 | K4: 118.614 | L4: 1.06 | M4: 17.556 | N4: 9.726 | O4: 9.294 | P4: 2.589 | Q4: 6.4 | R4: 0.006493 | S4: Estimated
A5: Hrs | B5: 1 | D5: DR2 | E5: 113 | F5: mS | H5: CON | I5: 118.614 | J5: 118.614 | K5: 118.614 | L5: 0.74147 | M5: 17.556 | N5: 9.726 | O5: 9.294 | P5: 2.589 | Q5: 6.4 | R5: 0.006493 | S5: Estimated
A6: M | B6: =1/60 -> 0.016666667 | D6: DR3 | E6: 62 | F6: mS | H6: DWS | I6: 118.614 | J6: 118.614 | K6: 118.614 | L6: 0.473 | M6: 17.556 | N6: 9.726 | O6: 9.294 | P6: 2.589 | Q6: 6.4 | R6: 0.006493 | S6: Estimated
A7: Min | B7: =1/60 -> 0.016666667 | H7: DWS+ATH | I7: 118.614 | J7: 118.614 | K7: 118.614 | L7: 1.06 | M7: 17.556 | N7: 9.726 | O7: 9.294 | P7: 2.589 | Q7: 6.4 | R7: 0.006493 | S7: Estimated
A8: mS | B8: =1/(3600*1000) -> 2.7777778e-07 | H8: PULSE | I8: 121.175 | J8: 121.175 | K8: 121.175 | L8: 0.74147 | M8: 16.9826 | N8: 9.726 | O8: 9.294 | P8: 0.74147 | Q8: 6.4 | R8: 0.0169 | S8: Measured
A9: S | B9: =1/3600 -> 0.00027777778 | H9: TEMP-EXT | I9: 118.614 | J9: 118.614 | K9: 118.614 | L9: 0.884 | M9: 17.556 | N9: 9.726 | O9: 9.294 | P9: 2.589 | Q9: 6.4 | R9: 0.006493 | S9: Estimated
A10: Sec | B10: =1/3600 -> 0.00027777778 | H10: TEMP-INT | I10: 118.614 | J10: 118.614 | K10: 118.614 | L10: 1.06 | M10: 17.556 | N10: 9.811 | O10: 9.294 | P10: 2.589 | Q10: 6.4 | R10: 0.006493 | S10: Estimated
H11: TEMP-INT S2S | I11: 118.614 | J11: 118.614 | K11: 118.614 | L11: 0.884 | M11: 17.556 | N11: 9.726 | O11: 9.294 | P11: 2.589 | Q11: 6.4 | R11: 0.006493 | S11: Measured
H12: THAW | I12: 118.614 | J12: 118.614 | K12: 118.614 | L12: 1.06 | M12: 17.556 | N12: 9.811 | O12: 9.294 | P12: 2.589 | Q12: 6.4 | R12: 0.006493 | S12: Estimated
H13: TILT | I13: 118.614 | J13: 118.614 | K13: 118.614 | L13: 0.884 | M13: 17.556 | N13: 9.726 | O13: 9.294 | P13: 2.589 | Q13: 6.4 | R13: 0.006493 | S13: Estimated
H14: WAT | I14: 118.614 | J14: 118.614 | K14: 118.614 | L14: 1.06 | M14: 17.556 | N14: 9.811 | O14: 9.294 | P14: 2.589 | Q14: 6.4 | R14: 0.006493 | S14: Estimated
H15: WRxM | I15: 118.614 | J15: 118.614 | K15: 118.614 | L15: 1.06 | M15: 17.556 | N15: 9.811 | O15: 9.294 | P15: 2.589 | Q15: 6.4 | R15: 0.003842 | S15: Measured
